"Tweet Id","Tweet URL","Tweet Posted Time","Tweet Content","Tweet Type",Client,"Retweets Received","Likes Received","Tweet Location","Tweet Language","User Id",Name,Username,"User Bio","Verified or Non-Verified","Profile URL","User Followers","User Following","User Account Creation Date"
"""1372372938138161158""",https://twitter.com/loveDBZ55/status/1372372938138161158,"18-Mar-2021 02:23:00","""RT @pizzamannick: We found the gold ğŸ˜® 

#Pizza #PizzaMan #PizzaManNick #PizzaAcrobatics #fyp #comedy #greenscreen #saintpatricksday #greendâ€¦""",ReTweet,"""Twitter for iPhone""",3,0,,English,"""2345666988""",loveDBZ,loveDBZ55,"""Genderfluid (mainly she/her pronouns)/20/English major/ Scorpio (I have no idea how to bio)""",Non-Verified,https://twitter.com/loveDBZ55,12,122,"15-Feb-2014 20:03:35"
"""1372371721064480768""",https://twitter.com/THEdotBest/status/1372371721064480768,"18-Mar-2021 02:18:10","""Piccolo buco pizzeria con cucina https://t.co/lp2lQk3se9 #Best #gourmet #roma #pizza #trevi #fountain #roman #dough #rome #piccolo #buco #pizzeria #cucina #restaurant""",Tweet,"""Twitter for iPhone""",0,0,"Los Angeles, CA",Italian,"""1112875661138579456""","Best Social Media",THEdotBest,"""ğŸŒ What's Best Today ? 
ğŸ“Œ #Discover, #Post, #Pin & #Win the #Best ! 
ğŸ“± #App Download : https://t.co/WM9vLyibUK""",Non-Verified,https://twitter.com/THEdotBest,46,45,"02-Apr-2019 00:33:28"
"""1372371694988505088""",https://twitter.com/BestTLD/status/1372371694988505088,"18-Mar-2021 02:18:04","""Piccolo buco pizzeria con cucina https://t.co/UNs2s88SCN #Best #gourmet #roma #pizza #trevi #fountain #roman #dough #rome #piccolo #buco #pizzeria #cucina #restaurant""",Tweet,"""Twitter for iPhone""",0,0,,Italian,"""2300501173""","â€¢Best Domains",BestTLD,"""ğŸŒ Get your .Best #Domain : https://t.co/NjTgDExVIa ğŸš€ #Boost your #Business ğŸ‘ Improve your #Reputation ğŸ“± Join the #Best #SocialMedia : https://t.co/zhsv3M8KFQ""",Non-Verified,https://twitter.com/BestTLD,3112,4612,"20-Jan-2014 00:01:03"
"""1372371275939713025""",https://twitter.com/ChoppPizzaria/status/1372371275939713025,"18-Mar-2021 02:16:24","""Ligue e faÃ§a jÃ¡ o seu pedido ğŸ“² 99049-0837.

Aceitamos cartÃµes ğŸ’³ğŸ’³

Fazemos Entregas ğŸ›µ

#bebidas #mandela #pizza #entrega #delivery #precobaixo #emcasa #petiscos #pizzaria #frangoapassarinho #brahma #imperiogold #corona #heineken #frangocombatata #antartica #entregamos https://t.co/IImF2EYnoK""",Tweet,"""Twitter for Android""",0,0,,Portuguese,"""1183469757485539331""","Pizzaria Central Do Chopp",ChoppPizzaria,"""Estamos localizados na entrada do Mandela 2. 
Lembrando que temos transmissÃ£o ao vivo de todos os jogos do Flamengo. Venha nos fazer uma visita.""",Non-Verified,https://twitter.com/ChoppPizzaria,196,106,"13-Oct-2019 19:54:04"
"""1372369615448383489""",https://twitter.com/MrBananaTweets/status/1372369615448383489,"18-Mar-2021 02:09:48","""RT @Banana_Joeyy: @Buteras_Pizza #HappyStPatricksDay happy #pizza day!""",ReTweet,"""Proliferation""",0,0,,English,"""1229167678591504388""","Mr. Banana",MrBananaTweets,"""Banana ğŸŒ""",Non-Verified,https://twitter.com/MrBananaTweets,441,1,"16-Feb-2020 22:16:56"
"""1372368852957429761""",https://twitter.com/Chilhon2016Lap/status/1372368852957429761,"18-Mar-2021 02:06:46","""RT @sigridinvain: ğŸš¨ ATTENTION ğŸš¨

We just sent a pizza to Sigrid's house and we take this picture to register the moment. Now you can releasâ€¦""",ReTweet,"""Twitter for iPhone""",5,0,"Maryland, USA",English,"""719690726641164288""","Chi Hon éŸ“å¿—",Chilhon2016Lap,"""Covid: New definition of awesome? when corona: ... walking without â€”-! That special rt !! aliens vs x-... supermanandroid ( rip""",Non-Verified,https://twitter.com/Chilhon2016Lap,3596,5002,"12-Apr-2016 00:56:55"
"""1372367281821421568""",https://twitter.com/Skeletal77/status/1372367281821421568,"18-Mar-2021 02:00:31","""RT @KnotsLittle: Best lunch homemade pizza. What yâ€™all having? #pizza #yummy #gamer #gamergirl #foodie #homemade #streamer https://t.co/DSNâ€¦""",ReTweet,"""Twitter for Android""",1,0,,English,"""896167454287818752""",Skelly,Skeletal77,"""I play games and I post random shit""",Non-Verified,https://twitter.com/Skeletal77,29,43,"12-Aug-2017 00:32:25"
"""1372367230499979264""",https://twitter.com/iampaigeb/status/1372367230499979264,"18-Mar-2021 02:00:19","""My Wednesday #tradition
 #pizza and #rootbeer for #ChicagoPD. Lets bring it. @jesseleesoffer @NBCChicagoPD https://t.co/P6egXTmReB""",Tweet,"""Twitter for Android""",0,0,,English,"""1305813000""","Paige B",iampaigeb,"""An aspiring actor who currently works in theatre but one day, film. Also does photography here and there.  Have an #adventure like #Bilbo.""",Non-Verified,https://twitter.com/iampaigeb,918,936,"26-Mar-2013 22:47:21"
"""1372367228612571146""",https://twitter.com/Skipthedishesc1/status/1372367228612571146,"18-Mar-2021 02:00:19","""$7 Off Your First Order with my Skip The Dishes referral link:
.
 https://t.co/F725Xg5nQe 
.
#lunch #Lunchtime #brunch #dinner #breakfast  #coupon #couponcode #coupons #skipthedishes #canada #pizza #fries March 17, 2021 at 10:00PM

https://t.co/fOiHJgFdSD""",Tweet,"""IFTTT""",0,0,,English,"""1164691312496525312""",Skipthedishescoupon,Skipthedishesc1,"""sign up with my link on skipthedishes for 7$ off on first order : 
https://t.co/ISBsBo8fau""",Non-Verified,https://twitter.com/Skipthedishesc1,3,3,"23-Aug-2019 00:10:32"
"""1372367047410208772""",https://twitter.com/Darkrumwithcoke/status/1372367047410208772,"18-Mar-2021 01:59:36","""@SirLARIATO it's hot garage across the world, however in #Canada @PizzaPizzaLtd is the worst as the box is more appetizing than the Pizza in it. Best pizza in my town comes from a family diner. Best #pizza in the country is @thewheelpizza in #antigonish #NovaScotia""",Reply,"""Twitter for Android""",0,0,"Rick's Place",English,"""418297429""","Dark Rum with Coke",Darkrumwithcoke,"""Early 40's male overflowing with sarcastic wisdom &  dark humour. A junkie of politics, wrestling  and history with an overwhelming sense of Canadian pride.""",Non-Verified,https://twitter.com/Darkrumwithcoke,94,335,"22-Nov-2011 00:38:15"
"""1372366560547901440""",https://twitter.com/Sunny91082443/status/1372366560547901440,"18-Mar-2021 01:57:40","""Testers prefer to select this one!
Everyone who likes baking should have it !
ğŸ¥°ğŸ¥°
If you are interested in it, DM to me(US only) to get free
Just wanna your valuable review 
ğŸ•ğŸ¥§ğŸ§‹
#baking #pizza #Peel #cutter #food https://t.co/xvsMQy28TZ""",Tweet,"""Twitter Web App""",0,0,"Provide for USA(only)",English,"""1338499813621420037""","Amazon Seller",Sunny91082443,"""We are looking for good testers (currently who is living in US) to review our products on Amz for free. If you want to get the good products for free, plz DM me""",Non-Verified,https://twitter.com/Sunny91082443,56,356,"14-Dec-2020 15:03:43"
"""1372365874770845697""",https://twitter.com/MahendraSpeak/status/1372365874770845697,"18-Mar-2021 01:54:56","""RT @Taj_Santacruz: Seasoned with love and baked with perfection.

Order in your comfort food at your doorstep 

To order, please call (022)â€¦""",ReTweet,"""Twitter for Android""",1,0,"Mumbai, India",English,"""1112627499199090688""","Mahendra Marathe",MahendraSpeak,"""à¤¸à¤‚à¤˜à¤°à¥à¤· â¤ à¤¦à¥ˆà¤µà¤¤ ğŸ™à¤›à¤¤à¥à¤°à¤ªà¤¤à¥€ à¤¶à¤¿à¤µà¤¾à¤œà¥€ à¤®à¤¹à¤¾à¤°à¤¾à¤œ ğŸ™
à¤–à¤¾à¤¨à¥à¤¦à¥‡à¤¶à¤ªà¥à¤¤à¥à¤° â¤ à¤®à¤¹à¤¾à¤°à¤¾à¤·à¥à¤Ÿà¥à¤° â¤à¤®à¤°à¤¾à¤ à¥€ â¤""",Non-Verified,https://twitter.com/MahendraSpeak,757,1352,"01-Apr-2019 08:07:22"
"""1372365438521253890""",https://twitter.com/LyaeraAsunaya/status/1372365438521253890,"18-Mar-2021 01:53:12","""Pizza #pizza 

I donâ€™t even know what a pizza is anymore. Thank you for making my cooking streams so much fun ğŸ˜­ğŸ’— https://t.co/ugqPfKKeTL""",Tweet,"""Twitter for iPhone""",0,5,,English,"""1359304619839549442""",Lyaera,LyaeraAsunaya,"""Twitch Streamer & Registered Nurse! // business inquiries: lyaeraasunaya@gmail.com""",Non-Verified,https://twitter.com/LyaeraAsunaya,288,72,"10-Feb-2021 00:54:17"
"""1372365281985716228""",https://twitter.com/blogchef3/status/1372365281985716228,"18-Mar-2021 01:52:35","""RT @NGOTTBlog: Pizza Waffles are a fun and unique way to eat pizza! Use your waffle maker to create an easy, no-fuss dinner with all your fâ€¦""",ReTweet,"""""",1,0,"Swiss Deli,London",English,"""1289140079164702722""",BlogChef,blogchef3,"""A great to place to find all delicious recipes at https://t.co/hCWnRoL9NH""",Non-Verified,https://twitter.com/blogchef3,279,155,"31-Jul-2020 10:05:47"
"""1372364250216300544""",https://twitter.com/riplenita/status/1372364250216300544,"18-Mar-2021 01:48:29","""Esta noche hice pizza casera de choclo con cebolla, de salame,  y de jamÃ³n. Y el queso nunca pude faltar  , el gran protagonista de la noche.
.
 #pizza #casera #homemade #cocinerosargentinos #cocina #cocinabestial #pizzapickuplines https://t.co/CY3LC41k1J""",Tweet,"""Twitter for Android""",0,1,,Spanish,"""1290095358773690368""",lenitapiesbonitos,riplenita,"""Insta: ilenasoain /
Ya tengo  only fans ( lenitacutefeets)/
venta de contenido xxx/
sumisa en busca de experiencias nuevas ğŸ’œ""",Non-Verified,https://twitter.com/riplenita,299,83,"03-Aug-2020 01:21:40"
"""1372363947026784256""",https://twitter.com/ChristinaCucina/status/1372363947026784256,"18-Mar-2021 01:47:16","""Why not make your pizza sauce like the Italians do? You'll never go back to those thick, cement-like, dark red paste people call ""pizza sauce!"" So fresh and delicious with canned or fresh tomatoes, whichever you choose. #pizza #recipes https://t.co/jkpXsBN02G via @christinacucina""",Tweet,"""Twitter Web App""",0,1,"Los Angeles",English,"""843007556""","Christina's Cucina",ChristinaCucina,"""Christina Conte, Scottish-Italian food & travel writer in LA. See my pics/story on INSTAGRAM = @ christinascucina""",Non-Verified,https://twitter.com/ChristinaCucina,7572,5502,"24-Sep-2012 05:33:45"
"""1372363912377667584""",https://twitter.com/THIRDSTONE56/status/1372363912377667584,"18-Mar-2021 01:47:08","""https://t.co/1OAgxzPo93 How to make a shrimp pizza without using raw shrimp #shrimp #pizza""",Tweet,"""Dynamic Tweets""",0,0,"On an island in Maine",English,"""94760497""","THIRD STONE",THIRDSTONE56,"""guitar instructor with an easy to learn approach to guitar.""",Non-Verified,https://twitter.com/THIRDSTONE56,2277,2358,"05-Dec-2009 09:18:54"
"""1372363210427297795""",https://twitter.com/ScottySandag/status/1372363210427297795,"18-Mar-2021 01:44:21","""Three flavor pizza ğŸ•ğŸ˜‹ #pizza https://t.co/1omwv7gExb""",Tweet,"""Twitter for iPhone""",0,0,"Bacolod City, Western Visayas",English,"""1372139812413566976""",ScottySandag,ScottySandag,"""Just an ordinary human being""",Non-Verified,https://twitter.com/ScottySandag,0,14,"17-Mar-2021 10:56:48"
"""1372362484095520771""",https://twitter.com/LiveInSavannah1/status/1372362484095520771,"18-Mar-2021 01:41:28","""My new favorite pizza place! If you are looking for a new pizza spot, Papa's Pizza to Go should be on your list!
#richmondhill #liveinsavannahgeorgia #pizza #hawaiianpizza #breadsticks https://t.co/1I1phdeJxA""",Tweet,"""Twitter for Android""",0,0,"Pooler, GA",English,"""1311116794397065216""",LiveInSavannahGeorgia,LiveInSavannah1,"""Realtor with Realty One Group Inclusion, foodie, lover of lattes and music, serving Pooler / Savannah, GA area.""",Non-Verified,https://twitter.com/LiveInSavannah1,7,34,"30-Sep-2020 01:33:14"
"""1372362361529581570""",https://twitter.com/Spartus25/status/1372362361529581570,"18-Mar-2021 01:40:58","""Is there a rehab clinic for boba addiction? If so, I think we may need to enroll Matt. #kfc #raidcollegeboard #idk #pizza https://t.co/J3AiDby9U1""",Tweet,"""Twitter Web App""",0,2,"East Lansing",English,"""1365391861867757576""",Spartus,Spartus25,"""I run the Michigan State University Class of 2025 Discord.
@MichiganStateU""",Non-Verified,https://twitter.com/Spartus25,2,2,"26-Feb-2021 20:02:47"
"""1372362032629084160""",https://twitter.com/tqsjab/status/1372362032629084160,"18-Mar-2021 01:39:40","""Noche perfecta= #cubs+ #pizza+ #birra
ğŸ‘ŒğŸ»ğŸŒƒ= ğŸ»âš¾ï¸+ğŸ•+ğŸº""",Tweet,"""Twitter for Android""",0,0,"Costa Rica",Spanish,"""34829609""","Julio Alvarado",tqsjab,"""Vida, Libertad y Propiedad""",Non-Verified,https://twitter.com/tqsjab,602,608,"24-Apr-2009 03:14:48"
"""1372361507887976449""",https://twitter.com/9P1bD6c1SoObbo1/status/1372361507887976449,"18-Mar-2021 01:37:35","""ãŠã¯ã‚ˆã†ã”ã–ã„ã¾ã™ğŸ˜Šãƒ”ã‚¶ãƒ©ã‚¹ã‚¿ã§ã™ğŸ•æœ¬æ—¥ã‚‚ã‚ˆã‚ã—ããŠé¡˜ã„ã—ã¾ã™ğŸ˜Š

ğŸ…ãƒãƒ«ã‚²ãƒªãƒ¼ã‚¿ğŸ…&amp;ğŸ¥”ã˜ã‚ƒãŒãƒã‚¿ãƒ¼ğŸ¥”ãƒ”ã‚¶ğŸ•

ã“ã ã‚ã‚Šã®åŒ—æµ·é“ç”£ãƒã‚¿ãƒ¼ğŸ§ˆã¨ã‚ªãƒªã‚¸ãƒŠãƒ«ãƒ•ãƒ¬ãƒƒã‚·ãƒ¥ãƒˆãƒãƒˆã‚½ãƒ¼ã‚¹ğŸ…ã®å‘³ã‚ã„ã‚’1æšã«âœ¨ä»Šã—ã‹é£Ÿã¹ã‚Œãªã„1æšã§ã™ğŸ¤—

ãŠé›»è©±ãŠå¾…ã¡ã—ã¦ãŠã‚Šã¾ã™ğŸ˜Š

#ãƒ”ã‚¶ãƒ©ã‚¹ã‚¿
#ä¼Šäºˆå¸‚
#ãƒ‡ãƒªãƒãƒªãƒ¼
#PIZZA https://t.co/aumSY738Q9""",Tweet,"""Twitter for iPhone""",0,1,ä¼Šäºˆå¸‚ç±³æ¹Š,Japanese,"""1338013583989325831""",ãƒ”ã‚¶ãƒ©ã‚¹ã‚¿,9P1bD6c1SoObbo1,"""ã€ä¼Šäºˆå¸‚&æ¾å‰ç”ºã‚¨ãƒªã‚¢ã€‘ã®ãƒ”ã‚¶å®…é…å°‚é–€åº—ã€ãƒ”ã‚¶ãƒ»ãƒ©ã‚¹ã‚¿ã€ã§ã™(^-^) ã“ã®åº¦2020å¹´8æœˆ20æ—¥ã«ãŠåº—ã‚’ã‚ªãƒ¼ãƒ—ãƒ³ã—ã¾ã—ãŸï¼ ç´ æï¼†æ—¨å‘³ã«ã“ã ã‚ã£ãŸâ˜…ã‚¢ãƒ„ã‚¢ãƒ„ã®ç„¼ãç«‹ã¦ãƒ”ã‚¶ã‚’é…é”ã•ã›ã¦é ‚ãã¾ã™m(_ _)m     ãƒªãƒ³ã‚¯ã®ãƒ›ãƒ¼ãƒ ãƒšãƒ¼ã‚¸å†…ã®ã€ãƒ¡ãƒ‹ãƒ¥ãƒ¼ã‚’ã¿ã‚‹ã€ã‹ã‚‰å‹é”è¿½åŠ ã§æ¯é€±ãŠå¾—ãªã‚¯ãƒ¼ãƒãƒ³é…ä¿¡ä¸­ã§ã™^^""",Non-Verified,https://twitter.com/9P1bD6c1SoObbo1,24,47,"13-Dec-2020 06:55:59"
"""1372361477349253120""",https://twitter.com/5stocksinto/status/1372361477349253120,"18-Mar-2021 01:37:28","""RT @5stocksinto: 5 Indonesian Stocks Into Restaurants https://t.co/gC1BIWGGkt #Indonesian #Hospitality #Stocks #Investment #Restaurants #Faâ€¦""",ReTweet,"""Twitter Web App""",26,0,WorldWide,English,"""760674570458140673""","Andrew Duff",5stocksinto,"""https://t.co/2DGAgeKzSQ - #Author - Addicted to #BigData #IoT #AI #China #manufacturing #Stocks #Vietnam #Economics #startup #webdev #mobileapps #technology #automation""",Non-Verified,https://twitter.com/5stocksinto,1284,1921,"03-Aug-2016 03:12:05"
"""1372360503733854211""",https://twitter.com/__________Pizza/status/1372360503733854211,"18-Mar-2021 01:33:35","""ãƒ”ã‚¶ç¾å‘³ https://t.co/3SoRbgB5SD #pizza""",Tweet,"""twittbot.net""",0,0,"Republic of Pizza",Japanese,"""135117508""",Pizza,__________Pizza,"""I love Pizza""",Non-Verified,https://twitter.com/__________Pizza,159,210,"20-Apr-2010 11:28:57"
"""1372359181148229632""",https://twitter.com/StuartGreen2018/status/1372359181148229632,"18-Mar-2021 01:28:20","""I have a petition that asks #PizzaHut to bring back their original Pan #Pizza recipe after changing its dough/crust, sauce and cheese in 2019.  409 signatures have been collected so far.  Would anyone like to sign and Retweet this petition, please?  ğŸ•
https://t.co/1jKUAPeUOd""",Tweet,"""Twitter Web App""",0,0,"Austin, Texas",English,"""138899772""","Stuart #UndoOneMoreDay Green",StuartGreen2018,"""I love #Marvel, #DC, #MMPR, @CocaCola, #Gotham, @spidermanTAS, ğŸ¥“@PizzaHut & the Spider-Marriage. I make lots of petitions, hope to make even more friends. #FBR""",Non-Verified,https://twitter.com/StuartGreen2018,2260,3951,"30-Apr-2010 23:40:58"
"""1372356485540409352""",https://twitter.com/AhmedGentleman/status/1372356485540409352,"18-Mar-2021 01:17:37","""the  kfc original fried chicken recipe : https://t.co/dLCNYtTcJP #yummy #food #recipes #recipe #cake #pizza""",Tweet,"""Dynamic Tweets""",0,0,,English,"""421865717""",ahmed,AhmedGentleman,"""""",Non-Verified,https://twitter.com/AhmedGentleman,60,5,"26-Nov-2011 13:52:34"
"""1372356481086013445""",https://twitter.com/AhmedGentleman/status/1372356481086013445,"18-Mar-2021 01:17:36","""the kfc original  fried chicken recipe : https://t.co/dLCNYtTcJP #yummy #food #recipes #recipe #cake #pizza""",Tweet,"""Dynamic Tweets""",0,0,,English,"""421865717""",ahmed,AhmedGentleman,"""""",Non-Verified,https://twitter.com/AhmedGentleman,60,5,"26-Nov-2011 13:52:34"
"""1372356476694630406""",https://twitter.com/AhmedGentleman/status/1372356476694630406,"18-Mar-2021 01:17:35","""the kfc original fried chicken recipe  : https://t.co/dLCNYtTcJP #yummy #food #recipes #recipe #cake #pizza""",Tweet,"""Dynamic Tweets""",0,0,,English,"""421865717""",ahmed,AhmedGentleman,"""""",Non-Verified,https://twitter.com/AhmedGentleman,60,5,"26-Nov-2011 13:52:34"
"""1372356472311537670""",https://twitter.com/AhmedGentleman/status/1372356472311537670,"18-Mar-2021 01:17:34","""the kfc original fried chicken recipe : https://t.co/dLCNYtTcJP #yummy #food #recipes #recipe #cake  #pizza""",Tweet,"""Dynamic Tweets""",0,0,,English,"""421865717""",ahmed,AhmedGentleman,"""""",Non-Verified,https://twitter.com/AhmedGentleman,60,5,"26-Nov-2011 13:52:34"
"""1372356352828399620""",https://twitter.com/AhmedGentleman/status/1372356352828399620,"18-Mar-2021 01:17:06","""the kfc original fried chicken recipe : https://t.co/dLCNYtTcJP #yummy #food #recipes #recipe #cake #pizza""",Tweet,"""Dynamic Tweets""",0,0,,English,"""421865717""",ahmed,AhmedGentleman,"""""",Non-Verified,https://twitter.com/AhmedGentleman,60,5,"26-Nov-2011 13:52:34"
"""1372356348256559104""",https://twitter.com/AhmedGentleman/status/1372356348256559104,"18-Mar-2021 01:17:05","""the kfc  original fried chicken recipe : https://t.co/dLCNYtTcJP #yummy #food #recipes #recipe #cake #pizza""",Tweet,"""Dynamic Tweets""",0,0,,English,"""421865717""",ahmed,AhmedGentleman,"""""",Non-Verified,https://twitter.com/AhmedGentleman,60,5,"26-Nov-2011 13:52:34"
"""1372356343479345155""",https://twitter.com/AhmedGentleman/status/1372356343479345155,"18-Mar-2021 01:17:04","""the kfc original fried  chicken recipe : https://t.co/dLCNYtTcJP #yummy #food #recipes #recipe #cake #pizza""",Tweet,"""Dynamic Tweets""",0,0,,English,"""421865717""",ahmed,AhmedGentleman,"""""",Non-Verified,https://twitter.com/AhmedGentleman,60,5,"26-Nov-2011 13:52:34"
"""1372356049299251205""",https://twitter.com/RothmanSandy/status/1372356049299251205,"18-Mar-2021 01:15:53","""What will your #covid legacy be? Help @rarepizzas spread #pizza â¤ï¸ to hungry humans.  https://t.co/Nm5c4onSCl GET INVOLVED.  ğŸ•ğŸ´â€â˜ ï¸ğŸŒˆ https://t.co/QC36btzAB5""",Tweet,"""Twitter for iPhone""",0,0,,English,"""837656060""","sandy rothman",RothmanSandy,"""Um yeah, I did think about that. Thanks though. ğŸ•""",Non-Verified,https://twitter.com/RothmanSandy,307,646,"21-Sep-2012 12:12:02"
"""1372355858240266241""",https://twitter.com/DesignsLancelot/status/1372355858240266241,"18-Mar-2021 01:15:08","""RT @pizzamannick: We found the gold ğŸ˜® 

#Pizza #PizzaMan #PizzaManNick #PizzaAcrobatics #fyp #comedy #greenscreen #saintpatricksday #greendâ€¦""",ReTweet,"""Twitter for iPhone""",3,0,"He/Him- Commissions Open,Dm Me",English,"""1206398479389601792""","Main Character",DesignsLancelot,"""Lance, Digital Artist, Age: 21 â€¢ SFW art usually, rarely NSFW (will warn) Working on a visual novel, stay tuned!""",Non-Verified,https://twitter.com/DesignsLancelot,145,65,"16-Dec-2019 02:20:00"
"""1372355850828795904""",https://twitter.com/5stocksinto/status/1372355850828795904,"18-Mar-2021 01:15:06","""RT @5stocksinto: 5 Filipino Stocks Into Restaurants https://t.co/TxbVBLsv62 #Philippines #Hospitality #Stocks #Investment #Restarants #Franâ€¦""",ReTweet,"""Twitter Web App""",29,0,WorldWide,English,"""760674570458140673""","Andrew Duff",5stocksinto,"""https://t.co/2DGAgeKzSQ - #Author - Addicted to #BigData #IoT #AI #China #manufacturing #Stocks #Vietnam #Economics #startup #webdev #mobileapps #technology #automation""",Non-Verified,https://twitter.com/5stocksinto,1284,1921,"03-Aug-2016 03:12:05"
"""1372355213064073216""",https://twitter.com/misspacthesis/status/1372355213064073216,"18-Mar-2021 01:12:34","""RT @pizzamannick: We found the gold ğŸ˜® 

#Pizza #PizzaMan #PizzaManNick #PizzaAcrobatics #fyp #comedy #greenscreen #saintpatricksday #greendâ€¦""",ReTweet,"""Twitter Web App""",3,0,"your local graveyard ğŸ‘»",English,"""721858618132271104""",pacthesis,misspacthesis,"""made some dating sims, 9-to-5 web dev, pizza acrobatics coach @pizzamannick, i draw and make comics on @webtooncanvas""",Non-Verified,https://twitter.com/misspacthesis,1379,126,"18-Apr-2016 00:31:20"
"""1372354891939713030""",https://twitter.com/RothmanSandy/status/1372354891939713030,"18-Mar-2021 01:11:18","""Too much #pizza is NOT a thing! @rarepizzas #cryptoart #artbasilğŸƒ #artwork ğŸ•ğŸ´â€â˜ ï¸ğŸŒˆ https://t.co/ZYBFg01qci""",Tweet,"""Twitter for iPhone""",0,0,,English,"""837656060""","sandy rothman",RothmanSandy,"""Um yeah, I did think about that. Thanks though. ğŸ•""",Non-Verified,https://twitter.com/RothmanSandy,307,646,"21-Sep-2012 12:12:02"
"""1372354890589175809""",https://twitter.com/BizPizza/status/1372354890589175809,"18-Mar-2021 01:11:17","""#pizza shops - take back control of your #customer orders. AND reviews. Let us show you how! #customerengagement #Customerlove https://t.co/8nrUmz5mUO""",Tweet,"""Twitter Web App""",0,3,"United States",English,"""1350635258962710533""","Your Pizza Biz",BizPizza,"""""Unless you're a pizza the answer is yes, I can live without you.""
~ Bill Murray""",Non-Verified,https://twitter.com/BizPizza,27,285,"17-Jan-2021 02:45:33"
"""1372354818803691521""",https://twitter.com/doughausladen/status/1372354818803691521,"18-Mar-2021 01:11:00","""RT @mjpisci: Very nice event today on Wooster Street in #NewHaven, celebrating our community &amp; the very best #pizza. Thanks to all the restâ€¦""",ReTweet,"""Twitter for iPhone""",1,0,"New Haven, CT",English,"""248719612""","Doug Hausladen",doughausladen,"""Proud to work for @MayorElicker as @NewHavenDOT @ParkNewHaven | Member @GNHTD_CT @CTRailCouncil @NHCAT1 | Coach @YaleWaterPolo | #blm #NHV #gscia | he/him/his""",Non-Verified,https://twitter.com/doughausladen,3785,5001,"07-Feb-2011 15:48:36"
"""1372354395602624513""",https://twitter.com/MilkNutrition/status/1372354395602624513,"18-Mar-2021 01:09:19","""RT @pizzagoyf: Playing some Brawl for our tournament Sunday! Come hang out! #pizzaparty #magicthegathering #magicarena #mtgarena #pizza #mtâ€¦""",ReTweet,"""chheseandairy""",1,0,,English,"""945609835177021440""",#Cheese,MilkNutrition,"""do you like #cheese? then check out @daiyafoods! live #dairyfree""",Non-Verified,https://twitter.com/MilkNutrition,2472,198,"26-Dec-2017 10:58:48"
"""1372354322701414400""",https://twitter.com/MilkNutrition/status/1372354322701414400,"18-Mar-2021 01:09:02","""RT @pizzagoyf: Thanks so much to @TheNerdySteve @theswangordon @SaltyMike_BMTG sugafaery @HowlingMines for the raids! Go send them some cheâ€¦""",ReTweet,"""chheseandairy""",1,0,,English,"""945609835177021440""",#Cheese,MilkNutrition,"""do you like #cheese? then check out @daiyafoods! live #dairyfree""",Non-Verified,https://twitter.com/MilkNutrition,2472,198,"26-Dec-2017 10:58:48"
"""1372353914851315712""",https://twitter.com/God0fDebauchery/status/1372353914851315712,"18-Mar-2021 01:07:25","""Got my priorities... my pizza and my weed! https://t.co/YXBwsjh3OM #sticker #pizza #420life #stoners #munchies #highlife""",Tweet,"""Twitter Web App""",0,1,,English,"""849533367557267456""",C-Town-Tees,God0fDebauchery,"""Party Child and Spontaneous Dancer.
Insta - @C.Town.Tees #CTownTees""",Non-Verified,https://twitter.com/God0fDebauchery,31,825,"05-Apr-2017 08:05:13"
"""1372353644880826372""",https://twitter.com/mjpisci/status/1372353644880826372,"18-Mar-2021 01:06:20","""Very nice event today on Wooster Street in #NewHaven, celebrating our community &amp; the very best #pizza. Thanks to all the restaurants set up for outdoor dining even in the cold weather â€” 24 permits moving ahead with many more to follow: https://t.co/tpndlsIuC1""",Tweet,"""Twitter for iPhone""",1,4,"New Haven, CT",English,"""489468082""","Michael Piscitelli",mjpisci,"""Economic Development Administrator, City of New Haven & Past President, Connecticut Chapter American Planning Association ... Go #Bonnies ğŸ€""",Non-Verified,https://twitter.com/mjpisci,866,701,"11-Feb-2012 15:20:26"
"""1372352732108046336""",https://twitter.com/gopcy/status/1372352732108046336,"18-Mar-2021 01:02:43","""RT @rameshmgsn: And I'm still crazy in love with you. ğŸ˜â¤ï¸
#Pizza | #DhibuNinanThomas
https://t.co/uhqn6fkepf""",ReTweet,"""Gama1""",1,0,"Surat, Gujarat",English,"""1266616723836407808""","Gopcy Food Products",gopcy,"""GOPCY has been a traditional Indian food brand for over 10 years with a long history of happy customers. Started in 2009, GOPCY has always prioritized quality.""",Non-Verified,https://twitter.com/gopcy,1128,1927,"30-May-2020 06:26:08"
"""1372352555422990338""",https://twitter.com/PizzaWorldGC/status/1372352555422990338,"18-Mar-2021 01:02:00","""Do you like boneless wings? Come to Pizza World on Thursday when we add all you can eat boneless wings to our buffet! We serve them sauce-free and you get to choose from one of our amazing sauces.
618-451-1111
https://t.co/Wl0u0CQx3B
#pizza #salad #bonelesswings ğŸ•ğŸğŸ˜‹ğŸ¥— https://t.co/f5pB3KoFKY""",Tweet,"""Twitter for iPhone""",0,0,"Granite City, Illinois",English,"""2273376684""","Pizza World",PizzaWorldGC,"""Delivering the world's finest flavors!""",Non-Verified,https://twitter.com/PizzaWorldGC,65,112,"02-Jan-2014 18:18:17"
"""1372352138639183873""",https://twitter.com/pizzagoyf/status/1372352138639183873,"18-Mar-2021 01:00:21","""Playing some Brawl for our tournament Sunday! Come hang out! #pizzaparty #magicthegathering #magicarena #mtgarena #pizza #mtg #cheese #twitchaffiliate #twitchstreamer https://t.co/ugevaW2dn0""",Tweet,"""StreamElements""",1,1,"Wichita, KS",English,"""1329585484738203649""","Efrain Ramirez",pizzagoyf,"""Pizza man, Magic the Gathering streamer, super chill. https://t.co/V05ypoI6Ce https://t.co/LGgBZ9weOy""",Non-Verified,https://twitter.com/pizzagoyf,96,212,"20-Nov-2020 00:41:08"
"""1372351627185815559""",https://twitter.com/ProsanaFoods/status/1372351627185815559,"18-Mar-2021 00:58:19","""D'ora in poi qualche volta (sempre ğŸ˜‰) mangeremo #pizza a #ProsanaFoods ğŸ˜ğŸ•ğŸ•ğŸ•. https://t.co/c0MsEISnD0""",Tweet,"""Twitter Web App""",0,0,"San Pedro de Montes de Oca",Italian,"""2912947353""","Prosana Foods",ProsanaFoods,"""AdemÃ¡s de desayunos y almuerzos, PROSANA FOODS ofrece productos de panaderÃ­a y de pastelerÃ­a artesanal gourmet y sana. EstaciÃ³n Gourmet/Coworking Space!""",Non-Verified,https://twitter.com/ProsanaFoods,88,231,"09-Dec-2014 16:56:04"
"""1372350690975219716""",https://twitter.com/MacysFood/status/1372350690975219716,"18-Mar-2021 00:54:36","""Yummy cheese slice #pizza https://t.co/x3a5cmKDWy""",Tweet,"""Twitter for iPhone""",0,0,"511 Cannon St. E.",English,"""2680137542""","Macy's Food",MacysFood,"""Convenience Store specializing in Pizza, Submarines, Chicken Wings & Homemade Prepared Dishes. Ask us about our authentic Indian Chicken dishes and samosas.""",Non-Verified,https://twitter.com/MacysFood,139,710,"25-Jul-2014 17:56:36"
"""1372350329258393600""",https://twitter.com/pizzamannick/status/1372350329258393600,"18-Mar-2021 00:53:10","""We found the gold ğŸ˜® 

#Pizza #PizzaMan #PizzaManNick #PizzaAcrobatics #fyp #comedy #greenscreen #saintpatricksday #greenday https://t.co/Ji0l1ocdRG""",Tweet,"""Twitter Web App""",3,4,"Minneapolis, Mn",English,"""932752554""","ğŸ•Pizza Man Nick DiesslinğŸ•",pizzamannick,"""Pizza acrobat ğŸ•, typographer, gardener, bicyclist, juggler, developer, all around whittler of the web. Creator of the QuesaPizza. #PizzaMan

https://t.co/clkZuANOVF""",Non-Verified,https://twitter.com/pizzamannick,537,1045,"07-Nov-2012 19:22:08"
"""1372348302813986818""",https://twitter.com/KBroHappyApp/status/1372348302813986818,"18-Mar-2021 00:45:07","""#pizza #beyou #youcandoit #kbrocares https://t.co/nZ8nI1gIxE""",Tweet,"""Hootsuite Inc.""",0,0,"Menlo Park, CA",Undefined,"""780534396163981312""",K'Bro,KBroHappyApp,"""Kâ€™Bro is a free app that helps kids self-regulate their emotions and navigate tough times. A parent subscription bridges the parent/child communication gap.""",Non-Verified,https://twitter.com/KBroHappyApp,283,555,"26-Sep-2016 22:27:56"
"""1372348218944724994""",https://twitter.com/horadocupom/status/1372348218944724994,"18-Mar-2021 00:44:47","""Baixe o aplicativo Rappi no seu celular;
Menu, Cupons;
Insira o cÃ³digo s7d3104826;
Pedido com 45$ de desconto;
VÃ¡lido para usuÃ¡rio novo;
Aproveite essa.
#Rappi 
#BBBB21
#Pizza
#Hamburguer
#Japonesa 
#Cupom 
#Economia
#AppRappi
#desconto""",Tweet,"""Twitter for Android""",0,0,"Brasil ",Portuguese,"""1250563600411955200""",horadocupom,horadocupom,"""TWITTER PARA FACILITAR A SUA VIDA
CUPOM: COMIDA, COMBUSTÃVEL, VALE COMPRAS (LINK PARA DIVULGAÃ‡Ã•ES)""",Non-Verified,https://twitter.com/horadocupom,0,0,"15-Apr-2020 23:16:18"
"""1372347684309323787""",https://twitter.com/RothmanSandy/status/1372347684309323787,"18-Mar-2021 00:42:39","""@nft_papi WHAT???!!! Obvi i NEED!!! @rarepizzas  Team uniform?! Only acceptable answer is #yaaaasss #cryptoart #Crypto #artwork #pizza fir everyone!! ğŸ•ğŸ´â€â˜ ï¸ğŸŒˆğŸ’™ğŸ’™ğŸ’™ğŸ’™ğŸ’™ https://t.co/Ti076KUuTM""",Tweet,"""Twitter for iPhone""",0,1,,English,"""837656060""","sandy rothman",RothmanSandy,"""Um yeah, I did think about that. Thanks though. ğŸ•""",Non-Verified,https://twitter.com/RothmanSandy,307,646,"21-Sep-2012 12:12:02"
"""1372347285368156160""",https://twitter.com/PACOMerRico1/status/1372347285368156160,"18-Mar-2021 00:41:04","""Descubriendo nuevas formas milenarias de hacer la mejor pizza ğŸ•ğŸ¤¤

#Apple #Food #Foodies #comida #pizza #puzzalover #emprendimiento #women #innovacion https://t.co/9VlULOr7vL""",Tweet,"""Twitter for Android""",0,0,"Villanueva, Colombia",Spanish,"""1280281034416959488""","PACO Mer Rico Villanueva",PACOMerRico1,"""Cocina virtual. MenÃº alternativo. Empaques ecolÃ³gicos â™»ï¸ Vive con nosotros una experiencia gastronÃ³mica y musical. 
Villanueva, La Guajira.""",Non-Verified,https://twitter.com/PACOMerRico1,19,5,"06-Jul-2020 23:22:49"
"""1372346041568276481""",https://twitter.com/pizzagoyf/status/1372346041568276481,"18-Mar-2021 00:36:07","""Thanks so much to @TheNerdySteve @theswangordon @SaltyMike_BMTG sugafaery @HowlingMines for the raids! Go send them some cheesy love! Super fun stream was great to be back hanging with the pizza crew! #cheese #pizza #MTG #TwitchStreamers #twitchaffiliate""",Tweet,"""Twitter Web App""",1,4,"Wichita, KS",English,"""1329585484738203649""","Efrain Ramirez",pizzagoyf,"""Pizza man, Magic the Gathering streamer, super chill. https://t.co/V05ypoI6Ce https://t.co/LGgBZ9weOy""",Non-Verified,https://twitter.com/pizzagoyf,96,212,"20-Nov-2020 00:41:08"
"""1372344664137797634""",https://twitter.com/realtimwilliams/status/1372344664137797634,"18-Mar-2021 00:30:39","""When your family in Washington wants @ginoseast deep dish pizza... you drive from #Pittsburgh to West Virginia and buy the grocery store out. #chicago #deepdish #chicagodeepdishpizza #chicagodeepdish #pizza #deepdishpizza https://t.co/9Z4YqapnrC""",Tweet,"""Twitter for iPhone""",0,6,"Pittsburgh, PA",English,"""15959545""","Tim Williams",realtimwilliams,"""EMMY/AP Award Winning Director of Digital @KDKA ViacomCBS | past @CBSLA | @Fox12Oregon | @NBCSanDiego | @CentralWashU Alum NWâ¡ï¸#BurghVerified. Tweets are my own""",Verified,https://twitter.com/realtimwilliams,12966,4037,"23-Aug-2008 18:22:24"
"""1372344657397489664""",https://twitter.com/BeerAndPizzaDay/status/1372344657397489664,"18-Mar-2021 00:30:37","""RT @eVisitorGuide: The place for #pizza and calzones in #StLouis is @PWPizza!  Fresh ingredients &amp; plenty of options including #vegetarian,â€¦""",ReTweet,"""Beer and Pizza - Rewteet""",1,0,"Right here, baby.",English,"""4923786180""","Beer and Pizza Day!",BeerAndPizzaDay,"""Celebrated every October 9th, International Beer and Pizza Day pays homage to one of the most iconic food and drink combinations on the planet Earth.""",Non-Verified,https://twitter.com/BeerAndPizzaDay,4328,681,"18-Feb-2016 04:23:20"
"""1372344509682487297""",https://twitter.com/BeerAndPizzaDay/status/1372344509682487297,"18-Mar-2021 00:30:02","""RT @party_on_cheers: Join 7 people right now at ""19 Hazy IPA Recipes You Can Brew at Home"" #cheers #beer #pizza #games #food #homebrewersasâ€¦""",ReTweet,"""Beer and Pizza - Rewteet""",1,0,"Right here, baby.",English,"""4923786180""","Beer and Pizza Day!",BeerAndPizzaDay,"""Celebrated every October 9th, International Beer and Pizza Day pays homage to one of the most iconic food and drink combinations on the planet Earth.""",Non-Verified,https://twitter.com/BeerAndPizzaDay,4328,681,"18-Feb-2016 04:23:20"
"""1372343883074396160""",https://twitter.com/party_on_cheers/status/1372343883074396160,"18-Mar-2021 00:27:33","""Join 7 people right now at ""19 Hazy IPA Recipes You Can Brew at Home"" #cheers #beer #pizza #games #food #homebrewersassociation #collection #homebrew #recipes #home #brew #hazy https://t.co/8qNfqTr5cb https://t.co/nyfgXsg62N""",Tweet,"""dlvr.it""",1,0,"Wherever there is a party",English,"""167449563""","Cheers for Parties",party_on_cheers,"""What's happening at the Massive Online parTAY channel on Cheers. Currently the  beer,pizza,wine,BBQ,games,darts,dessert, and humor channels.""",Non-Verified,https://twitter.com/party_on_cheers,1365,1508,"16-Jul-2010 16:33:48"
"""1372343857950646277""",https://twitter.com/blogchef3/status/1372343857950646277,"18-Mar-2021 00:27:27","""RT @mobolet: Get your #Hawaiian #Pizza ğŸ• @tlaxiacos2016 11:30a-1:30p Good Samaritan Medical Center #SanJose. See ğŸ“· menu, review, chat withâ€¦""",ReTweet,"""""",0,0,"Swiss Deli,London",English,"""1289140079164702722""",BlogChef,blogchef3,"""A great to place to find all delicious recipes at https://t.co/hCWnRoL9NH""",Non-Verified,https://twitter.com/blogchef3,279,155,"31-Jul-2020 10:05:47"
"""1372343506488938499""",https://twitter.com/eVisitorGuide/status/1372343506488938499,"18-Mar-2021 00:26:03","""The place for #pizza and calzones in #StLouis is @PWPizza!  Fresh ingredients &amp; plenty of options including #vegetarian, #vegan and #glutenfree. Also nice #beer &amp; #wine selection. https://t.co/Ip5bOlDeTC #STL #travel #foodie https://t.co/hZ4wXnSRDu""",Tweet,"""SimplyCast""",1,0,"CHI, MKE, STL & Nashville",English,"""63791823""",eVisitorGuide,eVisitorGuide,"""FREE, curated, mobile-friendly city visitor guides. Everything you need to explore a destination in the palm of your hand!""",Non-Verified,https://twitter.com/eVisitorGuide,754,806,"07-Aug-2009 18:19:02"
"""1372343222572302338""",https://twitter.com/Backtoyouphoto/status/1372343222572302338,"18-Mar-2021 00:24:55","""Old Scratch! #pizza #beer #dayton #oldscratchpizza #ohio #cauliflower @ Old Scratch Pizza https://t.co/5S5nAMm8S2""",Tweet,"""Instagram""",0,0,"Dayton, OH",English,"""758376723180195841""","The Ghost in you",Backtoyouphoto,"""Everyone shall sit under his vine and under his fig tree, And no one shall makeÂ them afraid.""",Non-Verified,https://twitter.com/Backtoyouphoto,61,324,"27-Jul-2016 19:01:15"
"""1372341505591889920""",https://twitter.com/101oscar125/status/1372341505591889920,"18-Mar-2021 00:18:06","""RT @eatsandthecity: @CAULIPOWER is my new fav! #cauliflowerpizza #pizza #cauliflower #eatsandthecity https://t.co/iHkXHby3GT""",ReTweet,"""Twitter for iPhone""",3,0,"ã‚¢ãƒ«ãƒ–ãƒ¬ãƒ’ãƒˆåŸ ã‚µãƒ¼ãƒãƒ¼ãƒ«ãƒ¼ãƒ ",English,"""1082245836556259330""",ã‚¦ãƒ«ãƒˆãƒ©å®®å‰çŠ¬,101oscar125,"""ã‚³ãƒ³ã‚¹ã«ç¾å‘³ã—ã„ã‚‚ã®ã‚’ã‚ã’ã¾ã—ã‚‡ã†""",Non-Verified,https://twitter.com/101oscar125,188,480,"07-Jan-2019 12:01:29"
"""1372341354747990018""",https://twitter.com/CaptainExtreme/status/1372341354747990018,"18-Mar-2021 00:17:30","""RT @Extreme_Pizza: Thirsty Thursday is back at Extreme Pizza #Brentwood CA with brews from @fortpointbeer Join us March 18th for Animal IPAâ€¦""",ReTweet,"""Twitter Web App""",1,0,"San Francisco",English,"""28630976""","Rush Everest",CaptainExtreme,"""Extreme, not mainstream. Life is too short for mediocrity! Customer service for @Extreme_Pizza""",Non-Verified,https://twitter.com/CaptainExtreme,984,460,"03-Apr-2009 19:18:26"
"""1372341295604064256""",https://twitter.com/Extreme_Pizza/status/1372341295604064256,"18-Mar-2021 00:17:16","""Thirsty Thursday is back at Extreme Pizza #Brentwood CA with brews from @fortpointbeer Join us March 18th for Animal IPA and Villager IPA on our awesome patio, social distancing in place. See you all there, pouring starts at 4pm. #craftbeer #FortPoint #ThirstyThursday #pizza https://t.co/aAVrF3Wxqy""",Tweet,"""Twitter Web App""",1,1,"San Francisco, CA",English,"""142397402""","Extreme Pizza",Extreme_Pizza,"""Extreme Pizza Company.  Our philosophy is simple: Extreme. Not mainstream.  We are a Nationwide Pizza Company coming soon to a location near you!""",Non-Verified,https://twitter.com/Extreme_Pizza,1875,574,"10-May-2010 19:45:05"
"""1372340773673390082""",https://twitter.com/WalpoleHSLax/status/1372340773673390082,"18-Mar-2021 00:15:11","""RT @DowntownWalpole: Love Greek pizza and salad? Supreme Pizza, a long-established small business in downtown Walpole, Mass., serves them iâ€¦""",ReTweet,"""Twitter for iPhone""",3,0,"Walpole, MA (USA)",English,"""831184086""","Walpole High School Lacrosse",WalpoleHSLax,"""Walpole High School Lacrosse""",Non-Verified,https://twitter.com/WalpoleHSLax,915,475,"18-Sep-2012 14:36:40"
"""1372340731356979200""",https://twitter.com/BeerAndPizzaDay/status/1372340731356979200,"18-Mar-2021 00:15:01","""RT @frtcomix: A guilt-free eating #lifehack! ""Tested And Proven Effective"" Also works with #pizza, #beer &amp; anything else I want so get offâ€¦""",ReTweet,"""Beer and Pizza - Rewteet""",1,0,"Right here, baby.",English,"""4923786180""","Beer and Pizza Day!",BeerAndPizzaDay,"""Celebrated every October 9th, International Beer and Pizza Day pays homage to one of the most iconic food and drink combinations on the planet Earth.""",Non-Verified,https://twitter.com/BeerAndPizzaDay,4328,681,"18-Feb-2016 04:23:20"
"""1372339923588681731""",https://twitter.com/hilton_philip/status/1372339923588681731,"18-Mar-2021 00:11:49","""#Eastleigh #food #news 
Sorry but I fancy a #kebab #lamb #doner in #pita #bread with #salad &amp; garlic mayo yogurt n chili sauce and a kebab #pizza 
But I'm short of cash!
Luckily I got 4 pre prepared kebabs from #Raj #bishopstoke I will add some meat to cheap pizza from raj lol https://t.co/4UNR5W7fef""",Tweet,"""Twitter for iPad""",0,0,"Fair Oak, England",English,"""2778616972""","Philip Hilton yogi main",hilton_philip,"""#manager #socialmedia for #SassyVeZay #singer C/W #model #madonna #fan #artist fx #art #yogi #yogateacher #PTSD #writer #journalist #arnoldnelsontt #reggae""",Non-Verified,https://twitter.com/hilton_philip,3657,4999,"21-Sep-2014 05:08:32"
"""1372339528334073856""",https://twitter.com/PizzaDudeShares/status/1372339528334073856,"18-Mar-2021 00:10:15","""Look People
If you want Ham on your #pizza just say #Ham 
You're not impressing anyone asking for #CanadianBacon
ğŸ•ğŸ•ğŸ•ğŸ•ğŸ•ğŸ•ğŸ•ğŸ•ğŸ•ğŸ•""",Tweet,"""Twitter for Android""",0,1,"California, USA",English,"""751962658006441989""","The Pizza Dude ğŸ˜ ğŸ•",PizzaDudeShares,"""ğŸ•CHAMPIONğŸ•
I'm a dude that's been crowned by my customers as GREATEST Italian Food Distribution Engineer.
#pizzadeliveryğŸ• #pizzaislifeğŸ•""",Non-Verified,https://twitter.com/PizzaDudeShares,32,394,"10-Jul-2016 02:14:03"
"""1372337996687536129""",https://twitter.com/frtcomix/status/1372337996687536129,"18-Mar-2021 00:04:09","""A guilt-free eating #lifehack! ""Tested And Proven Effective"" Also works with #pizza, #beer &amp; anything else I want so get off my back, conscience!

#healthhack #donut #donutsaremyweakness #HealthyLife https://t.co/ACOHF9OA1o""",Tweet,"""Twitter Web App""",1,0,"Los Angeles",English,"""1339351579057475585""","For Real Though comix",frtcomix,"""Stupid humor for smart people.  Webcomics & art""",Non-Verified,https://twitter.com/frtcomix,23,216,"16-Dec-2020 23:28:05"
"""1372337895403515904""",https://twitter.com/Lidositalian/status/1372337895403515904,"18-Mar-2021 00:03:45","""We are open for inside dinning, starting today, making  this  a very happy#StPatricksDay. #restaurants #dinner #lunch #lemongrove #sandiego #dinning #pizza #italian #delish https://t.co/IE2EnNAKrx""",Tweet,"""Twitter for iPad""",0,1,"Lemon Grove, Ca.",English,"""998619493""","Lidos Italian Foods",Lidositalian,"""Established 1955 Italian-American  restaurant, 7525 Broadway Lemon Grove, Lemon Grove, CA. Open 11:00am-8:30pm""",Non-Verified,https://twitter.com/Lidositalian,37,94,"09-Dec-2012 05:06:49"
"""1372337768957939713""",https://twitter.com/JaimyMetts/status/1372337768957939713,"18-Mar-2021 00:03:15","""Loving my Italy cup!â¤ï¸

#CupOfCoffee #cup #Italy #italia #beautifulitaly #follobackforfolloback #like #pizza #tazo #ciao https://t.co/P3a16yUCFM""",Tweet,"""Twitter for iPhone""",0,0,"North Carolina, USA",English,"""1232815457914302469""","Jaimy Metts",JaimyMetts,"""ğŸ‡ºğŸ‡¸ Iâ€™m a pianist, violinist, and singer, and dancerğŸ™ğŸ»ğŸ¹ ğŸŒŸ Watch â€œBrahms Lullabyâ€ here:""",Non-Verified,https://twitter.com/JaimyMetts,15,22,"26-Feb-2020 23:51:40"
"""1372337719687385089""",https://twitter.com/eVisitorGuide/status/1372337719687385089,"18-Mar-2021 00:03:03","""Enjoy #delicious #Italian cuisine at @OrsosRestaurant in @OldTownCHI! A local fave w/ #OldWorld charm. Tasty #pasta #chicken #fish #veal #pizza #wine &amp; the perfect #patio! https://t.co/Z9gxqA7OO9 #Chicago #travel #dining #foodie #onlyinChicago https://t.co/BLGix2BexP""",Tweet,"""SimplyCast""",0,0,"CHI, MKE, STL & Nashville",English,"""63791823""",eVisitorGuide,eVisitorGuide,"""FREE, curated, mobile-friendly city visitor guides. Everything you need to explore a destination in the palm of your hand!""",Non-Verified,https://twitter.com/eVisitorGuide,754,806,"07-Aug-2009 18:19:02"
"""1372337034287808518""",https://twitter.com/PittGuy247/status/1372337034287808518,"18-Mar-2021 00:00:20","""RT @TheBatmanPug: I didnâ€™t believe in love at first sight until this evening ğŸ˜ #puglife #pizza https://t.co/g0zFj4Br08""",ReTweet,"""Twitter for iPad""",3,0,"East Coast",English,"""260996730""","Jerry Robert (JR)",PittGuy247,"""Far better it is to dare mighty things. Than to take rank with those poor, timid spirits who know neither victory nor defeat. The Rough Rider Teddy Roosevelt""",Non-Verified,https://twitter.com/PittGuy247,1162,2531,"05-Mar-2011 01:29:03"
"""1372336951026614275""",https://twitter.com/TheCannifornian/status/1372336951026614275,"18-Mar-2021 00:00:00","""We want to know! What's your go-to #munchie?!ğŸ•ğŸŸğŸ¦
#thecannifornian #thecannifornianpodcast #gotomunchie #munchies #foodlover #junkfood #cannabiscommunity #cannabisculture #cannabisadvocate #hungry #munchiemeals #pizza #fries #snackin #favoritefood  #candy #icecream #gotmunchies https://t.co/4phR3LbVpY""",Tweet,"""Twitter Web App""",0,0,"California, USA",English,"""700811141803429889""","The Cannifornian",TheCannifornian,"""Covering California's cannabis and CBD scene with updates on culture, health, media, events, and more ğŸ’¨ | 21+""",Non-Verified,https://twitter.com/TheCannifornian,3285,1312,"19-Feb-2016 22:36:11"
"""1372336247696453634""",https://twitter.com/alejand77764127/status/1372336247696453634,"17-Mar-2021 23:57:12","""Estamos tomando pedidos por #benavidezellis y al rededores, cualquier consulta comunique al numero presente en esta imagen... me ayudarÃ­an bastante si comparten â¤ï¸â¤ï¸ #pedidos #benavidez #pizza #delivery #empanadas https://t.co/TmAOtl47cc""",Tweet,"""Twitter Web App""",0,0,,Spanish,"""1301562422113832962""",alejandro,alejand77764127,"""""",Non-Verified,https://twitter.com/alejand77764127,16,170,"03-Sep-2020 16:47:26"
"""1372336211843555328""",https://twitter.com/DineInNZ/status/1372336211843555328,"17-Mar-2021 23:57:04","""The most expensive pizza in the world costs a whopping $12,000! ğŸ˜±

ğŸ• It's topped with 3 types of caviar, bufala mozzarella, lobster from Norway and Cilento, and pink Australian sea salt. And takes 72 HOURS to make! 

#Foodie #FoodFacts #Pizza #MostExpensiveFoods https://t.co/MGJHbADWFz""",Tweet,"""Sendible""",0,0,"Wellington, New Zealand",English,"""164072122""","Dine In New Zealand",DineInNZ,"""We make it easy to order food online from local takeaways & restaurants. Find information on 6K+ dining places throughout NZ. View menus, reviews, +more""",Non-Verified,https://twitter.com/DineInNZ,660,835,"08-Jul-2010 00:03:32"
"""1372334922564837378""",https://twitter.com/williamjavier73/status/1372334922564837378,"17-Mar-2021 23:51:56","""ğŸ“· En donde te â€œllenenâ€ de amor! AhÃ­ es!! ğŸ¥°ğŸ¤¤ Enamorado por tus detalles â™¥ï¸ . . . . . . . . . . â€¢ â€¢ â€¢ #pizza #pizzaitaliana #pizzeria #fornoalegna #impasto #italianfood #pomodoro #mozzarella #foodblog #foodblogger #foodoftheday #photooftheday... https://t.co/LzNCMs0M8a""",Tweet,"""Tumblr""",0,0,"Ambato, Ecuador",Spanish,"""327108882""","ï£¿ williamjavier",williamjavier73,"""Master en InformÃ¡tica | Certificado por Google & IAB Spain en Marketing Digital | DiseÃ±ador GrÃ¡fico | Dir. Gral en Kreactiva digital media | #art & #advertising""",Non-Verified,https://twitter.com/williamjavier73,140,24,"01-Jul-2011 00:51:15"
"""1372333718778486785""",https://twitter.com/_4nn0suk_/status/1372333718778486785,"17-Mar-2021 23:47:09","""ãƒ›ãƒ¯ã‚¤ãƒˆã‚¢ã‚¹ãƒ‘ãƒ©ã‚¬ã‚¹ã€ç”Ÿãƒãƒ ã€
åŠç†Ÿç‰å­ã€ãƒ¢ãƒƒãƒ„ã‚¡ãƒ¬ãƒ©ã€
ä»•ä¸Šã’ã«ç™½ãƒˆãƒªãƒ¥ãƒ•ã‚ªã‚¤ãƒ«

é–“é•ã„ãªãç¾å‘³ã—ã„ã‚„ã¤ã§ã™ã€‚

ä½•ã‚‚è€ƒãˆãšã«é£Ÿã¹ã¦ä¸‹ã•ã„ã€‚

å£ã®ä¸­ã§å¹¸ã›ãŒåºƒãŒã‚‹ã®ã‚’
æ˜¯éæ¥½ã—ã‚“ã§æ¬²ã—ã„ã‹ã‚‰ã€‚
ï¼ƒpizza
ï¼ƒprimavera https://t.co/yYUQCjJivm""",Tweet,"""Twitter for iPhone""",0,2,Kurakuen.Nishinomiya.Hyogo.Jp,Japanese,"""308578225""",Pizzeriaï£¿ã—ã‚“ã®ã™ã‘,_4nn0suk_,"""Cucina Italiano Cuocoâ˜ï¸ 1981.0221.B.Nishinomiya.Hyogo.Japanâ˜…Pizzeria shinnosuke Dal 2015â˜†owner chef Pizzaioloâ¤ï¸vera pizza! å…µåº«çœŒè¥¿å®®å¸‚å·æ·»ç”º7-12 1F 0798-81-5221""",Non-Verified,https://twitter.com/_4nn0suk_,42,119,"31-May-2011 17:02:27"
"""1372332665714708487""",https://twitter.com/LauPinedaHrd/status/1372332665714708487,"17-Mar-2021 23:42:58","""RT @derechupete: CÃ³mo preparar una autÃ©ntica masa de pizza casera, al estilo italiano. Receta de una masa de pizza muy elÃ¡stica, finita y qâ€¦""",ReTweet,"""Twitter for Android""",5,0,,Spanish,"""1191358182800670721""","Lau Pineda",LauPinedaHrd,"""""",Non-Verified,https://twitter.com/LauPinedaHrd,241,206,"04-Nov-2019 14:15:28"
"""1372332298587287554""",https://twitter.com/IH_1066/status/1372332298587287554,"17-Mar-2021 23:41:31","""Finished product off the @BigGreenEgg it's crazy how much better this is than an oven. #pizza #BigGreenEgg #StPatricksDay https://t.co/JuAcyzro6N""",Reply,"""Twitter for iPhone""",0,1,"Minnesota, USA",English,"""846298850""","Jesse W Wiant",IH_1066,"""Mosaic TSM MN/SD. Packers fan and owner!! These are my thoughts and do not represent my employers thoughts or opinions.""",Non-Verified,https://twitter.com/IH_1066,205,435,"25-Sep-2012 22:03:47"
"""1372330267935965191""",https://twitter.com/renragmub/status/1372330267935965191,"17-Mar-2021 23:33:27","""Absolutely Delicious Food
Ask for Chanda, She Is Awesome!!
#Pizza #Cheeseburger #FrenchFries 
@smokymountainbrewery https://t.co/9wQT7nz4bh""",Tweet,"""Instagram""",0,1,"North Carolina, USA",English,"""1172153976713863171""","Michael Bumgarner",renragmub,"""Married to H.B. I'm a Photographer
I don't do Hangouts, not giving out my phone number. I'm here to tweet, follow, retweet and have fun doing these things....âœï¸""",Non-Verified,https://twitter.com/renragmub,107,171,"12-Sep-2019 14:24:34"
"""1372329621971173377""",https://twitter.com/franxfile/status/1372329621971173377,"17-Mar-2021 23:30:53","""Se puede ser mÃ¡s #weon que comprar #pizza pre cocida y olvidarte y acabar comiendo pan conğŸ¥‘
SerÃ¡ pa maÃ±ana pues https://t.co/snbOhcvAOs""",Tweet,"""Twitter for Android""",0,0,"Santiago de Chile",Spanish,"""179692436""",Fâ„œâˆ‚nXfiLÆ¸ğŸ‘½,franxfile,"""ï¼£ï¼¬ â¥Pelao ğŸ¸""",Non-Verified,https://twitter.com/franxfile,141,247,"17-Aug-2010 22:30:24"
"""1372329477678714881""",https://twitter.com/FoxsDenPub/status/1372329477678714881,"17-Mar-2021 23:30:18","""â˜˜ï¸Happy Saint Patrickâ€™s Day!!!â˜˜ï¸

ğŸ•Come celebrate tonight at the Den with a Saint Patrick Pizza and your favorite beers!ğŸº

ğŸ“¸: St. Patrick #Pizza - caraway dijon ricotta, gruyere, sauerkraut, scallions, shredded corned beef, housemade thousand island. #SaintPatricksDay https://t.co/a2Bi7ADJtI""",Tweet,"""Hootsuite Inc.""",0,1,"179 B Main St. Annapolis MD",English,"""862247256""","Fox's Den",FoxsDenPub,"""The Premier Gastropub in Annapolis. 5-10PM Wed-Fri & Mon 4-10PM Sat 12:30-8:30 Sun. 443-808-8991 Monday is $12 Pizza Night. Must be 21+ to follow.""",Non-Verified,https://twitter.com/FoxsDenPub,1977,1739,"05-Oct-2012 00:23:33"
"""1372329427376431113""",https://twitter.com/MrcioAcampos/status/1372329427376431113,"17-Mar-2021 23:30:06","""Vamos de Pizza ğŸ• #pizza #fornoalenha #top em Aracaju, Brazil https://t.co/z5YSiqbTjV""",Tweet,"""Instagram""",0,0,"Aracaju, Brazil",Portuguese,"""727263781609431040""","MÃ¡rcio Campos",MrcioAcampos,"""Vivendo intensamente cada momento dessa bela vida. Carpe Diem""",Non-Verified,https://twitter.com/MrcioAcampos,183,2460,"02-May-2016 22:29:32"
"""1372329060915896326""",https://twitter.com/turion2001/status/1372329060915896326,"17-Mar-2021 23:28:39","""RT @blogTO: Take a look inside Toronto's family-run frozen kosher pizza factory ğŸ• #Toronto #Kosher #Pizza https://t.co/e7mL1YcXuu""",ReTweet,"""Twitter Web App""",2,0,ON+NY+FL,English,"""4590666759""",TaroğŸ¡ğŸŒ³,turion2001,"""Proud to be Cantonese, @UManAlumni, @CSIGlobalEd, @OfficialFPCan, semi-retired ğŸ‘ğŸ‡ğŸğŸ§€ğŸ•ğŸ£ğŸ„ğŸ‰ğŸŠğŸ‹ğŸğŸğŸ—ï¸ğŸŒ±ğŸŒ³ğŸŒ´â˜˜ï¸ğŸŒºğŸŒ»ğŸ""",Non-Verified,https://twitter.com/turion2001,275,86,"24-Dec-2015 15:57:19"
"""1372328537139593216""",https://twitter.com/Prof_Creativity/status/1372328537139593216,"17-Mar-2021 23:26:34","""Tonight's #sens game #pizza features peppers and onions fried in garlic-chili oil. I'm calling it the stinker. https://t.co/1BPugCF7Ac""",Tweet,"""Twitter for Android""",0,4,"Toronto, Ontario",English,"""316676259""","Brandon McFarlane",Prof_Creativity,"""Professor of Creativity | Toronto #PublicArt Commission | Reviewer of #canlit | Follow for #toronto #creativity #innovation stories""",Non-Verified,https://twitter.com/Prof_Creativity,1094,250,"13-Jun-2011 20:08:59"
"""1372328501605507081""",https://twitter.com/ingare_rev/status/1372328501605507081,"17-Mar-2021 23:26:26","""RT @The46thOfficial: Sometimes, it's good to take a break out of sight...

#UE4 #indiedev #indiegame #IndieGameDev #The46th #madewithUE4 #Uâ€¦""",ReTweet,"""INGARE""",44,0,Internet,English,"""3837382332""","INGARE ğŸ®",ingare_rev,"""Follow for the latest news in #gaming and #indiedev. Promoting #indie #gamedevâ€‹s and #indiegaming. Review copies are welcome in DM. RTs by bot.""",Non-Verified,https://twitter.com/ingare_rev,6470,1890,"09-Oct-2015 14:58:39"
"""1372328047320436740""",https://twitter.com/GameJawns/status/1372328047320436740,"17-Mar-2021 23:24:37","""RT @The46thOfficial: Sometimes, it's good to take a break out of sight...

#UE4 #indiedev #indiegame #IndieGameDev #The46th #madewithUE4 #Uâ€¦""",ReTweet,"""Twitter Web App""",44,0,"Athens, Ohio",English,"""1187168236368023552""","Game Jawns",GameJawns,"""A Podcast All About Games! 

â¤ Supporting Indie Devs â¤

Open for Promos, Collabs, Sponsors, Interviews, & Guests!

Wanna Learn More? âŸ https://t.co/MIGs50GY56""",Non-Verified,https://twitter.com/GameJawns,1251,2073,"24-Oct-2019 00:46:25"
"""1372326809098932226""",https://twitter.com/GapDeals/status/1372326809098932226,"17-Mar-2021 23:19:42","""80% off #Pastry #Pizza #Roller 

Clip the Extra 80% off Coupon under the listed price
No promo code needed

https://t.co/obzXX2cETe

ğŸ˜ While Supplies Last ğŸ’¯

ğŸ‘ŒLike, Retweet and Follow for More #Deals #ad ğŸ˜²""",Tweet,"""Gap Bot""",0,0,DreamVille,English,"""62353315""","Gap Deals",GapDeals,"""Provider of #Deals. Need a deal, DM or email Deals@GapDeals.net. ä¸­æ–‡. Tweets contain affiliate links.""",Non-Verified,https://twitter.com/GapDeals,807,1128,"02-Aug-2009 21:21:06"
"""1372326657944649734""",https://twitter.com/CalzoneSanto/status/1372326657944649734,"17-Mar-2021 23:19:06","""Carranza#1045 #SanLuisPotosÃ­ #SantoCalzone #CucinaItaliana #ItalianFood #Pizza #Terraza https://t.co/jv6DxLgXmV https://t.co/WCMJT7xsUa""",Tweet,"""Twitter for Android""",0,2,"San Luis PotosÃ­, MÃ©xico",Spanish,"""1056942129920991232""","Santo Calzone",CalzoneSanto,"""Restaurante de comida Italiana""",Non-Verified,https://twitter.com/CalzoneSanto,158,833,"29-Oct-2018 16:13:35"
"""1372326335599742983""",https://twitter.com/PizzaHutPa/status/1372326335599742983,"17-Mar-2021 23:17:49","""Â¡Cuando se trata de pizza todos quieren llegar a tiempo a casa! Pide la tuya llamando al 236-1111, haz tu pedido en https://t.co/fyMQWs4TR4 (Link en bio) o visÃ­tanos ğŸ•ğŸ™ŒğŸ» #Pizza #PanamÃ¡ #PizzaHut #Love https://t.co/c6rZxZEluQ""",Tweet,"""Twitter for Android""",0,0,Panama,Spanish,"""267964113""","Pizza Hut PanamÃ¡",PizzaHutPa,"""El Gusto de estar Juntos... y a partir de ahora, tambiÃ©n estaremos juntos en #Twitter! Bienvenidos a la cuenta oficial de #PizzaHut en #Panama""",Non-Verified,https://twitter.com/PizzaHutPa,27329,655,"17-Mar-2011 22:15:36"
"""1372326304377417741""",https://twitter.com/LeonardoSobroza/status/1372326304377417741,"17-Mar-2021 23:17:42","""Pizza de sardinha... ğŸ˜‹ğŸ¤¤
#InstaFood #Pizza #Sardinha
#MasterCheff #Cozinheiro
#HomemNaCozinha 
#SouPraCasar em Jardim SÃ£o Pedro https://t.co/Gp7Jd9oX3n""",Tweet,"""Instagram""",0,0,"Porto Alegre, Brazil",Portuguese,"""384639622""","Leonardo Sobroza",LeonardoSobroza,"""ğŸ˜ğŸ˜ğŸ˜""",Non-Verified,https://twitter.com/LeonardoSobroza,2213,217,"04-Oct-2011 01:55:13"
"""1372326285331025920""",https://twitter.com/MerchantMediaCo/status/1372326285331025920,"17-Mar-2021 23:17:37","""RT @850Degrees: Sharing is caring ğŸ¤— and our 16 inch pies are the perfect size for 2 ğŸ’™ PS, did you know if you order any of our pizzas in aâ€¦""",ReTweet,"""Merchant Media Bot""",2,0,"Carnegie, VIC, AU, 3163",English,"""1087983274402766848""","Merchant Media",MerchantMediaCo,"""Helping #smallbusiness grow and reach more customers online with #Websites, Premium #DomainNames and state-of-the-art #DigitalMarketing tools & solutions.""",Non-Verified,https://twitter.com/MerchantMediaCo,1786,762,"23-Jan-2019 08:00:01"
"""1372325890055663616""",https://twitter.com/eVisitorGuide/status/1372325890055663616,"17-Mar-2021 23:16:03","""Include @PizzeriaDue in your #Chicago plans! This is a ""must do"" on any visit. Home to the original #DeepDish #pizza. Just off @TheMagMile in River North. Near everything and open late! https://t.co/d5gXb7A4ay #oneofakind #budgettravel #mustdoÂ  #sightseeing #foodie https://t.co/0WA2HWB6Nt""",Tweet,"""SimplyCast""",0,0,"CHI, MKE, STL & Nashville",English,"""63791823""",eVisitorGuide,eVisitorGuide,"""FREE, curated, mobile-friendly city visitor guides. Everything you need to explore a destination in the palm of your hand!""",Non-Verified,https://twitter.com/eVisitorGuide,754,806,"07-Aug-2009 18:19:02"
"""1372325630470205448""",https://twitter.com/BeerAndPizzaDay/status/1372325630470205448,"17-Mar-2021 23:15:01","""RT @eVisitorGuide: .@OldTownPubChi is a great neighborhood #pub with large #beer selection, hand-crafted #pizza, #burgers &amp; more w/plenty oâ€¦""",ReTweet,"""Beer and Pizza - Rewteet""",1,0,"Right here, baby.",English,"""4923786180""","Beer and Pizza Day!",BeerAndPizzaDay,"""Celebrated every October 9th, International Beer and Pizza Day pays homage to one of the most iconic food and drink combinations on the planet Earth.""",Non-Verified,https://twitter.com/BeerAndPizzaDay,4328,681,"18-Feb-2016 04:23:20"
"""1372325200054816769""",https://twitter.com/dark_dev69/status/1372325200054816769,"17-Mar-2021 23:13:18","""RT @mangofinancebsc: #MANGO token Info has been updated on @bscscan ğŸ¥­ğŸ¥­ğŸ¥­

#chs #pizza #kiwi #Mango #yieldfarm #defi #Binancesmartchain #bscâ€¦""",ReTweet,"""Twitter for Android""",10,0,,English,"""1164205156998635520""","Dark Developer",dark_dev69,"""Mobile App Programmer, Web Programmer,
Java Android, Kotlin Android, VueJS, AngularğŸ–¥ï¸ğŸ’»""",Non-Verified,https://twitter.com/dark_dev69,388,497,"21-Aug-2019 15:58:42"
"""1372325187366969350""",https://twitter.com/dark_dev69/status/1372325187366969350,"17-Mar-2021 23:13:15","""RT @mangofinancebsc: #MANGO TVL non-stop increasing...ğŸš€ğŸš€ğŸš€

You shouldn't afford to miss the most juicy Yield Farming ğŸ¥­ğŸ¥­ğŸ¥­
https://t.co/a4GCnâ€¦""",ReTweet,"""Twitter for Android""",14,0,,English,"""1164205156998635520""","Dark Developer",dark_dev69,"""Mobile App Programmer, Web Programmer,
Java Android, Kotlin Android, VueJS, AngularğŸ–¥ï¸ğŸ’»""",Non-Verified,https://twitter.com/dark_dev69,388,497,"21-Aug-2019 15:58:42"
"""1372325162519990275""",https://twitter.com/dark_dev69/status/1372325162519990275,"17-Mar-2021 23:13:09","""RT @mangofinancebsc: #MANGO is now available on @CoinMarketCap ğŸ”¥ğŸ”¥ğŸ”¥

Thanks to all our community members for their immense support ğŸ’ªğŸ’ª

Let'sâ€¦""",ReTweet,"""Twitter for Android""",9,0,,English,"""1164205156998635520""","Dark Developer",dark_dev69,"""Mobile App Programmer, Web Programmer,
Java Android, Kotlin Android, VueJS, AngularğŸ–¥ï¸ğŸ’»""",Non-Verified,https://twitter.com/dark_dev69,388,497,"21-Aug-2019 15:58:42"
"""1372324503527813124""",https://twitter.com/ByTheShoreArt/status/1372324503527813124,"17-Mar-2021 23:10:32","""Cool &amp; Fun,  12 Sticker Set ""Camping Fun"" #bike #sunhat #pizza #sneakers #Picnic BBQ #tent #cola #beer #Freeshipping https://t.co/LEvPco3jEB via @Etsy""",Tweet,"""Twitter Web App""",0,1,Etsy.com/shop/HandDBoutique,English,"""938432473939275778""","""By The Shore Art"" Tecumseh, Canada",ByTheShoreArt,"""#Designer #Vintage #Accessories. I am also an avid collector #Silver #Gold #Exonomia #Militaria #Brooches ebay, etsy, auctions""",Non-Verified,https://twitter.com/ByTheShoreArt,1324,1341,"06-Dec-2017 15:38:31"
"""1372324169858318341""",https://twitter.com/Bramalapizza/status/1372324169858318341,"17-Mar-2021 23:09:13","""Raise your hand if you LOVE Chicago's best deep dish pizza ğŸ•ğŸ¥§âœ‹

#DeepDish #StuffedPizza #Bramalapizza #Chicagopizza #Pizza #Food #PizzaLover #Clarendonhills #Darien #WesternSprings #BurrRidge #OakBrook #Hinsdale #Westmont #Willowbrook #Chicago #Illinois https://t.co/jPNclH9Urm""",Tweet,"""Hootsuite Inc.""",0,0,"Clarendon Hills, IL",English,"""878916280300032001""","Brama La Pizza",Bramalapizza,"""Making the world a happier place one pizza at a time! Now offering indoor dining, pickup, and delivery.""",Non-Verified,https://twitter.com/Bramalapizza,28,22,"25-Jun-2017 10:02:25"
